player_id,historical_gsis_id,identity_method,position,evidence_tier,weeks_observed_current,current_opportunities,current_fumbles_lost,history_games,history_opportunities,history_fumbles_lost,predicted_season_equivalent_fumbles_lost,predictive_stddev,model
sleeper:player:10213,00-0038563,retained_gsis,WR,history_plus_current,2,7.0,0.0,47,153.0,0.0,0.19742278,0.44432283,calibrated_position_opportunity_rate
sleeper:player:10218,00-0038618,retained_gsis,WR,history_plus_current,2,6.0,0.0,42,63.0,0.0,0.11832779,0.44249225,calibrated_position_opportunity_rate
sleeper:player:10219,00-0038611,retained_gsis,RB,history_plus_current,2,12.0,0.0,28,204.0,1.0,0.31901043,0.73752057,calibrated_position_opportunity_rate
sleeper:player:10222,00-0039146,retained_gsis,WR,history_plus_current,2,4.0,0.0,38,172.0,1.0,0.21797224,0.46687497,calibrated_position_opportunity_rate
sleeper:player:10226,00-0038619,retained_gsis,WR,history_plus_current,2,3.0,0.0,43,87.0,0.0,0.10938441,0.44249225,calibrated_position_opportunity_rate
sleeper:player:10227,00-0039050,retained_gsis,TE,history_only,0,0.0,0.0,22,17.0,0.0,0.0452949,0.45240602,calibrated_position_opportunity_rate
sleeper:player:10229,00-0039067,retained_gsis,WR,history_plus_current,2,6.0,0.0,28,163.0,1.0,0.28877615,0.53737896,calibrated_position_opportunity_rate
sleeper:player:10231,00-0039041,retained_gsis,TE,history_plus_current,1,0.0,0.0,43,64.0,1.0,0.06979504,0.45240602,calibrated_position_opportunity_rate
sleeper:player:10232,00-0038559,retained_gsis,WR,history_plus_current,2,7.0,0.0,46,164.0,1.0,0.20964597,0.45787113,calibrated_position_opportunity_rate
sleeper:player:10235,00-0039021,retained_gsis,RB,history_plus_current,1,0.0,0.0,34,188.0,0.0,0.205793,0.73752057,calibrated_position_opportunity_rate
sleeper:player:10236,00-0038933,retained_gsis,TE,history_plus_current,2,12.0,0.0,41,156.0,1.0,0.2659207,0.515675,calibrated_position_opportunity_rate
sleeper:player:10859,00-0039065,retained_gsis,TE,history_plus_current,2,11.0,0.0,42,187.0,0.0,0.2814543,0.53052267,calibrated_position_opportunity_rate
sleeper:player:10871,00-0038547,retained_gsis,TE,history_plus_current,1,1.0,0.0,38,49.0,0.0,0.07219138,0.45240602,calibrated_position_opportunity_rate
sleeper:player:11199,00-0038705,retained_gsis,RB,history_plus_current,2,5.0,0.0,36,176.0,1.0,0.19039704,0.73752057,calibrated_position_opportunity_rate
sleeper:player:11201,00-0038710,retained_gsis,TE,history_plus_current,2,2.0,0.0,16,8.0,0.0,0.03907795,0.45240602,calibrated_position_opportunity_rate
sleeper:player:11237,00-0038896,retained_gsis,RB,history_plus_current,2,0.0,0.0,11,2.0,0.0,0.00563907,0.73752057,calibrated_position_opportunity_rate
sleeper:player:11256,00-0038416,retained_gsis,QB,history_plus_current,1,10.0,0.0,11,185.0,2.0,0.8827901,1.72663038,calibrated_position_opportunity_rate
sleeper:player:11292,00-0038476,retained_gsis,QB,history_only,0,0.0,0.0,11,309.0,1.0,1.60460084,1.72663038,calibrated_position_opportunity_rate
sleeper:player:11370,00-0038685,retained_gsis,RB,history_plus_current,2,12.0,0.0,31,106.0,0.0,0.19909567,0.73752057,calibrated_position_opportunity_rate
sleeper:player:11435,00-0038797,retained_gsis,RB,history_plus_current,2,23.0,0.0,39,272.0,0.0,0.39464476,0.73752057,calibrated_position_opportunity_rate
sleeper:player:11559,00-0039917,retained_gsis,QB,history_only,0,0.0,0.0,14,426.0,2.0,1.73813211,1.72663038,calibrated_position_opportunity_rate
sleeper:player:11560,00-0039918,retained_gsis,QB,history_plus_current,2,75.0,0.0,34,1380.0,6.0,2.25966775,1.72663038,calibrated_position_opportunity_rate
sleeper:player:11562,00-0039376,retained_gsis,QB,history_only,0,0.0,0.0,16,574.0,5.0,2.04924144,1.72663038,calibrated_position_opportunity_rate
sleeper:player:11563,00-0039732,retained_gsis,QB,history_plus_current,2,71.0,1.0,34,1400.0,2.0,2.24398728,1.72663038,calibrated_position_opportunity_rate
sleeper:player:11564,00-0039851,retained_gsis,QB,history_plus_current,2,72.0,0.0,30,1068.0,9.0,2.0411492,1.72663038,calibrated_position_opportunity_rate
sleeper:player:11565,00-0039923,retained_gsis,QB,history_only,0,0.0,0.0,10,307.0,2.0,1.75363658,1.72663038,calibrated_position_opportunity_rate
sleeper:player:11566,00-0039910,retained_gsis,QB,history_plus_current,2,64.0,0.0,24,939.0,2.0,2.09922294,1.72663038,calibrated_position_opportunity_rate
sleeper:player:11570,00-0039796,retained_gsis,RB,history_plus_current,2,0.0,0.0,20,26.0,0.0,0.04031937,0.73752057,calibrated_position_opportunity_rate
sleeper:player:11571,00-0039798,retained_gsis,RB,history_plus_current,1,0.0,0.0,29,103.0,0.0,0.13218766,0.73752057,calibrated_position_opportunity_rate
sleeper:player:11575,00-0039875,retained_gsis,RB,history_plus_current,2,1.0,0.0,34,198.0,0.0,0.18836993,0.73752057,calibrated_position_opportunity_rate
sleeper:player:11576,00-0039794,retained_gsis,RB,history_plus_current,2,16.0,0.0,21,131.0,1.0,0.31753353,0.73752057,calibrated_position_opportunity_rate
sleeper:player:11577,00-0039746,retained_gsis,RB,history_plus_current,2,12.0,0.0,27,57.0,0.0,0.15852062,0.73752057,calibrated_position_opportunity_rate
sleeper:player:11581,00-0039811,retained_gsis,RB,history_plus_current,2,21.0,1.0,1,7.0,0.0,0.37993256,0.73752057,calibrated_position_opportunity_rate
sleeper:player:11583,00-0039344,retained_gsis,RB,history_plus_current,2,11.0,0.0,3,12.0,0.0,0.2093506,0.73752057,calibrated_position_opportunity_rate
sleeper:player:11584,00-0039361,retained_gsis,RB,history_plus_current,2,36.0,1.0,27,457.0,2.0,0.80409008,0.8967107,calibrated_position_opportunity_rate
sleeper:player:11586,00-0039738,retained_gsis,RB,history_plus_current,2,23.0,0.0,32,218.0,0.0,0.38962472,0.73752057,calibrated_position_opportunity_rate
sleeper:player:11597,00-0039847,retained_gsis,TE,history_plus_current,2,1.0,0.0,26,74.0,0.0,0.12099135,0.45240602,calibrated_position_opportunity_rate
sleeper:player:11599,00-0039359,retained_gsis,TE,history_plus_current,1,1.0,0.0,20,31.0,0.0,0.08440838,0.45240602,calibrated_position_opportunity_rate
sleeper:player:11600,00-0039356,retained_gsis,TE,history_only,0,0.0,0.0,27,62.0,0.0,0.13460184,0.45240602,calibrated_position_opportunity_rate
sleeper:player:11603,00-0039793,retained_gsis,TE,history_plus_current,2,4.0,0.0,32,92.0,0.0,0.15142707,0.45240602,calibrated_position_opportunity_rate
sleeper:player:11604,00-0039338,retained_gsis,TE,history_only,0,0.0,0.0,29,183.0,0.0,0.36989304,0.60818832,calibrated_position_opportunity_rate
sleeper:player:11608,00-0039451,retained_gsis,WR,history_plus_current,2,8.0,0.0,23,31.0,0.0,0.13204695,0.44249225,calibrated_position_opportunity_rate
sleeper:player:11610,00-0039880,retained_gsis,WR,history_plus_current,2,8.0,1.0,31,94.0,1.0,0.19848532,0.44551691,calibrated_position_opportunity_rate
sleeper:player:11618,00-0039855,retained_gsis,WR,history_only,0,0.0,0.0,17,54.0,0.0,0.18793237,0.44249225,calibrated_position_opportunity_rate
sleeper:player:11620,00-0039919,retained_gsis,WR,history_plus_current,2,5.0,0.0,29,101.0,1.0,0.18667228,0.44249225,calibrated_position_opportunity_rate
sleeper:player:11623,00-0039751,retained_gsis,WR,history_plus_current,1,1.0,0.0,29,45.0,0.0,0.08527761,0.44249225,calibrated_position_opportunity_rate
sleeper:player:11624,00-0039894,retained_gsis,WR,history_plus_current,2,8.0,0.0,30,132.0,0.0,0.25243261,0.50242672,calibrated_position_opportunity_rate
sleeper:player:11625,00-0039890,retained_gsis,WR,history_plus_current,2,9.0,0.0,33,61.0,2.0,0.16165488,0.44249225,calibrated_position_opportunity_rate
sleeper:player:11626,00-0039342,retained_gsis,WR,history_plus_current,2,2.0,0.0,30,91.0,0.0,0.13936384,0.44249225,calibrated_position_opportunity_rate
sleeper:player:11627,00-0039868,retained_gsis,WR,history_plus_current,2,2.0,0.0,33,100.0,1.0,0.13924432,0.44249225,calibrated_position_opportunity_rate
sleeper:player:11628,00-0039849,retained_gsis,WR,history_plus_current,2,1.0,0.0,29,103.0,1.0,0.14994987,0.44249225,calibrated_position_opportunity_rate
sleeper:player:11629,00-0039792,retained_gsis,WR,history_plus_current,1,1.0,0.0,11,7.0,0.0,0.04195258,0.44249225,calibrated_position_opportunity_rate
sleeper:player:11631,00-0039893,retained_gsis,WR,history_plus_current,2,6.0,0.0,31,144.0,0.0,0.24238111,0.49232216,calibrated_position_opportunity_rate
sleeper:player:11632,00-0039337,retained_gsis,WR,history_plus_current,2,7.0,0.0,19,132.0,0.0,0.34304679,0.58570196,calibrated_position_opportunity_rate
sleeper:player:11635,00-0039915,retained_gsis,WR,history_plus_current,2,8.0,0.0,32,148.0,0.0,0.2613072,0.51118216,calibrated_position_opportunity_rate
sleeper:player:11637,00-0039901,retained_gsis,WR,history_plus_current,2,7.0,0.0,25,68.0,1.0,0.1763084,0.44249225,calibrated_position_opportunity_rate
sleeper:player:11643,00-0039874,retained_gsis,RB,history_plus_current,2,3.0,0.0,22,146.0,2.0,0.22908735,0.73752057,calibrated_position_opportunity_rate
sleeper:player:11646,00-0039491,retained_gsis,WR,history_plus_current,2,16.0,0.0,22,65.0,1.0,0.27430532,0.52374166,calibrated_position_opportunity_rate
sleeper:player:11647,00-0039391,retained_gsis,RB,history_plus_current,1,0.0,0.0,22,219.0,0.0,0.37048711,0.73752057,calibrated_position_opportunity_rate
sleeper:player:11655,00-0039384,retained_gsis,RB,history_plus_current,2,2.0,1.0,32,442.0,3.0,0.4439008,0.73752057,calibrated_position_opportunity_rate
sleeper:player:1166,00-0029604,retained_gsis,QB,history_plus_current,2,70.0,0.0,65,2480.0,12.0,2.119362,1.72663038,calibrated_position_opportunity_rate
sleeper:player:11783,00-0039410,retained_gsis,WR,history_plus_current,2,7.0,0.0,24,54.0,1.0,0.15777038,0.44249225,calibrated_position_opportunity_rate
sleeper:player:11834,00-0039424,retained_gsis,WR,history_plus_current,2,12.0,0.0,22,66.0,0.0,0.23665557,0.48647258,calibrated_position_opportunity_rate
sleeper:player:12048,00-0039299,retained_gsis,RB,history_plus_current,2,13.0,0.0,13,28.0,1.0,0.16759976,0.73752057,calibrated_position_opportunity_rate
sleeper:player:12467,00-0040177,retained_gsis,RB,current_only,1,4.0,0.0,0,0.0,0.0,0.38153778,0.73752057,calibrated_position_opportunity_rate
sleeper:player:12469,00-0040162,retained_gsis,RB,history_plus_current,1,0.0,0.0,15,98.0,1.0,0.24315684,0.73752057,calibrated_position_opportunity_rate
sleeper:player:12470,00-0040206,retained_gsis,QB,history_only,0,0.0,0.0,5,75.0,1.0,0.85682569,1.72663038,calibrated_position_opportunity_rate
sleeper:player:12471,00-0040179,retained_gsis,RB,history_only,0,0.0,0.0,5,26.0,0.0,0.24191624,0.73752057,calibrated_position_opportunity_rate
sleeper:player:12472,00-0040466,retained_gsis,RB,history_plus_current,2,7.0,0.0,4,30.0,0.0,0.28688785,0.73752057,calibrated_position_opportunity_rate
sleeper:player:12474,00-0040583,retained_gsis,RB,history_plus_current,2,23.0,0.0,16,220.0,0.0,0.60479061,0.77768285,calibrated_position_opportunity_rate
sleeper:player:12481,00-0040715,retained_gsis,RB,history_plus_current,2,34.0,0.0,8,125.0,1.0,0.74823454,0.86500551,calibrated_position_opportunity_rate
sleeper:player:12482,00-0040009,retained_gsis,WR,history_only,0,0.0,0.0,12,21.0,1.0,0.10353681,0.44249225,calibrated_position_opportunity_rate
sleeper:player:12483,00-0040729,retained_gsis,WR,history_plus_current,2,5.0,0.0,14,20.0,0.0,0.10564981,0.44249225,calibrated_position_opportunity_rate
sleeper:player:12487,00-0040737,retained_gsis,TE,history_plus_current,2,6.0,0.0,11,12.0,0.0,0.10124742,0.45240602,calibrated_position_opportunity_rate
sleeper:player:12489,00-0040730,retained_gsis,RB,history_plus_current,1,7.0,0.0,17,193.0,1.0,0.48766374,0.73752057,calibrated_position_opportunity_rate
sleeper:player:12490,00-0040719,retained_gsis,RB,history_plus_current,2,31.0,0.0,15,93.0,1.0,0.4326579,0.73752057,calibrated_position_opportunity_rate
sleeper:player:12492,00-0040134,retained_gsis,WR,history_plus_current,2,5.0,0.0,13,31.0,0.0,0.14335867,0.44249225,calibrated_position_opportunity_rate
sleeper:player:12493,00-0040189,retained_gsis,TE,history_plus_current,2,4.0,0.0,15,49.0,1.0,0.1667326,0.45240602,calibrated_position_opportunity_rate
sleeper:player:12495,00-0040198,retained_gsis,RB,history_plus_current,1,3.0,0.0,17,77.0,0.0,0.19648853,0.73752057,calibrated_position_opportunity_rate
sleeper:player:12496,00-0040154,retained_gsis,WR,history_only,0,0.0,0.0,12,3.0,0.0,0.01479097,0.44249225,calibrated_position_opportunity_rate
sleeper:player:12497,00-0040648,retained_gsis,WR,history_only,0,0.0,0.0,8,13.0,0.0,0.09614133,0.44249225,calibrated_position_opportunity_rate
sleeper:player:12498,00-0040736,retained_gsis,TE,history_plus_current,1,2.0,0.0,13,44.0,0.0,0.18216338,0.45240602,calibrated_position_opportunity_rate
sleeper:player:12499,00-0040170,retained_gsis,WR,history_plus_current,2,3.0,0.0,16,41.0,0.0,0.1306536,0.44249225,calibrated_position_opportunity_rate
sleeper:player:12500,00-0040234,retained_gsis,QB,history_only,0,0.0,0.0,4,99.0,0.0,1.41376239,1.72663038,calibrated_position_opportunity_rate
sleeper:player:12501,00-0040667,retained_gsis,WR,history_plus_current,2,10.0,0.0,14,39.0,0.0,0.20848229,0.45659861,calibrated_position_opportunity_rate
sleeper:player:12502,00-0040584,retained_gsis,TE,history_plus_current,2,6.0,0.0,16,44.0,0.0,0.1660813,0.45240602,calibrated_position_opportunity_rate
sleeper:player:12503,00-0040782,retained_gsis,WR,history_plus_current,1,1.0,0.0,15,23.0,0.0,0.08440715,0.44249225,calibrated_position_opportunity_rate
sleeper:player:12506,00-0040663,retained_gsis,TE,history_plus_current,2,7.0,0.0,16,79.0,1.0,0.26133381,0.51120819,calibrated_position_opportunity_rate
sleeper:player:12507,00-0040666,retained_gsis,RB,history_plus_current,2,37.0,2.0,9,156.0,0.0,0.82447951,0.90800854,calibrated_position_opportunity_rate
sleeper:player:12508,00-0040691,retained_gsis,QB,history_plus_current,2,47.0,0.0,14,460.0,2.0,1.69869093,1.72663038,calibrated_position_opportunity_rate
sleeper:player:12509,00-0040727,retained_gsis,WR,history_plus_current,2,4.0,0.0,16,32.0,0.0,0.11832779,0.44249225,calibrated_position_opportunity_rate
sleeper:player:12511,00-0040203,retained_gsis,QB,cold_start,0,0.0,0.0,0,0.0,0.0,1.87749087,1.72663038,calibrated_position_opportunity_rate
sleeper:player:12512,00-0040784,retained_gsis,RB,history_plus_current,2,31.0,0.0,14,256.0,0.0,0.80749515,0.89860734,calibrated_position_opportunity_rate
sleeper:player:12514,00-0040129,retained_gsis,WR,history_plus_current,2,9.0,0.0,17,65.0,0.0,0.23955577,0.48944434,calibrated_position_opportunity_rate
sleeper:player:12517,00-0040126,retained_gsis,TE,history_plus_current,2,1.0,0.0,16,59.0,0.0,0.15386944,0.45240602,calibrated_position_opportunity_rate
sleeper:player:12518,00-0040128,retained_gsis,TE,history_plus_current,2,10.0,0.0,17,82.0,0.0,0.28618854,0.53496592,calibrated_position_opportunity_rate
sleeper:player:12519,00-0040735,retained_gsis,WR,history_plus_current,2,9.0,1.0,15,53.0,0.0,0.22810968,0.47760829,calibrated_position_opportunity_rate
sleeper:player:12521,00-0040739,retained_gsis,TE,history_plus_current,1,1.0,0.0,13,15.0,1.0,0.06583132,0.45240602,calibrated_position_opportunity_rate
sleeper:player:12522,00-0040676,retained_gsis,QB,history_plus_current,2,65.0,0.0,17,634.0,7.0,2.03902113,1.72663038,calibrated_position_opportunity_rate
sleeper:player:12524,00-0040668,retained_gsis,QB,history_only,0,0.0,0.0,8,256.0,1.0,1.8278948,1.72663038,calibrated_position_opportunity_rate
sleeper:player:12526,00-0040124,retained_gsis,WR,history_plus_current,2,10.0,1.0,17,70.0,0.0,0.26101718,0.5108984,calibrated_position_opportunity_rate
sleeper:player:12527,00-0040122,retained_gsis,RB,history_plus_current,2,54.0,0.0,17,321.0,1.0,1.00433554,1.00216542,calibrated_position_opportunity_rate
sleeper:player:12529,00-0040734,retained_gsis,RB,history_plus_current,1,16.0,0.0,17,215.0,1.0,0.6195683,0.78712661,calibrated_position_opportunity_rate
sleeper:player:12531,00-0040644,retained_gsis,RB,history_only,0,0.0,0.0,17,23.0,0.0,0.06294201,0.73752057,calibrated_position_opportunity_rate
sleeper:player:12533,00-0040242,retained_gsis,RB,history_plus_current,2,30.0,0.0,17,184.0,2.0,0.56830249,0.7538584,calibrated_position_opportunity_rate
sleeper:player:12534,00-0040236,retained_gsis,RB,history_plus_current,2,24.0,0.0,17,187.0,0.0,0.52725335,0.73752057,calibrated_position_opportunity_rate
sleeper:player:12535,00-0040669,retained_gsis,WR,history_plus_current,2,2.0,0.0,14,16.0,0.0,0.06479855,0.44249225,calibrated_position_opportunity_rate
sleeper:player:12536,00-0040138,retained_gsis,WR,history_plus_current,2,4.0,0.0,17,32.0,0.0,0.11368748,0.44249225,calibrated_position_opportunity_rate
sleeper:player:12540,00-0040705,retained_gsis,WR,history_plus_current,2,1.0,0.0,17,59.0,0.0,0.14674966,0.44249225,calibrated_position_opportunity_rate
sleeper:player:12543,00-0040208,retained_gsis,RB,history_plus_current,1,0.0,0.0,12,17.0,0.0,0.05272534,0.73752057,calibrated_position_opportunity_rate
sleeper:player:12544,00-0040238,retained_gsis,RB,history_plus_current,1,0.0,0.0,16,33.0,0.0,0.07676188,0.73752057,calibrated_position_opportunity_rate
sleeper:player:12545,00-0040743,retained_gsis,QB,history_plus_current,2,111.0,1.0,11,403.0,2.0,2.45190624,1.72663038,calibrated_position_opportunity_rate
sleeper:player:12670,00-0040184,retained_gsis,WR,history_only,0,0.0,0.0,10,5.0,0.0,0.02958195,0.44249225,calibrated_position_opportunity_rate
sleeper:player:12718,00-0040590,retained_gsis,WR,history_plus_current,2,1.0,0.0,10,10.0,0.0,0.04930324,0.44249225,calibrated_position_opportunity_rate
sleeper:player:13079,00-0040277,retained_gsis,WR,history_plus_current,1,1.0,0.0,6,6.0,0.0,0.05916389,0.44249225,calibrated_position_opportunity_rate
sleeper:player:13269,,unmapped,QB,unmapped,0,0.0,0.0,0,0.0,0.0,1.87749087,1.72663038,calibrated_position_opportunity_rate
sleeper:player:13272,,unmapped,QB,unmapped,0,0.0,0.0,0,0.0,0.0,1.87749087,1.72663038,calibrated_position_opportunity_rate
sleeper:player:13274,00-0041489,unique_current_name_position,WR,current_only,1,4.0,0.0,0,0.0,0.0,0.1801415,0.44249225,calibrated_position_opportunity_rate
sleeper:player:13275,,unmapped,QB,unmapped,0,0.0,0.0,0,0.0,0.0,1.87749087,1.72663038,calibrated_position_opportunity_rate
sleeper:player:13276,00-0041511,unique_current_name_position,WR,current_only,1,1.0,0.0,0,0.0,0.0,0.14464316,0.44249225,calibrated_position_opportunity_rate
sleeper:player:13279,00-0041438,unique_current_name_position,WR,current_only,2,7.0,0.0,0,0.0,0.0,0.17969986,0.44249225,calibrated_position_opportunity_rate
sleeper:player:13281,,unmapped,WR,unmapped,0,0.0,0.0,0,0.0,0.0,0.16601298,0.7899187,calibrated_position_opportunity_rate
sleeper:player:13285,00-0041042,unique_current_name_position,WR,current_only,2,4.0,0.0,0,0.0,0.0,0.15011792,0.44249225,calibrated_position_opportunity_rate
sleeper:player:13286,00-0041512,unique_current_name_position,RB,current_only,2,26.0,1.0,0,0.0,0.0,0.48853011,0.73752057,calibrated_position_opportunity_rate
sleeper:player:13287,00-0041027,unique_current_name_position,RB,current_only,2,25.0,0.0,0,0.0,0.0,0.48077639,0.73752057,calibrated_position_opportunity_rate
sleeper:player:13288,00-0040886,unique_current_name_position,RB,current_only,1,4.0,0.0,0,0.0,0.0,0.38153778,0.73752057,calibrated_position_opportunity_rate
sleeper:player:13293,00-0040870,unique_current_name_position,WR,current_only,1,1.0,0.0,0,0.0,0.0,0.14464316,0.44249225,calibrated_position_opportunity_rate
sleeper:player:13294,00-0040867,unique_current_name_position,WR,current_only,2,5.0,0.0,0,0.0,0.0,0.15997857,0.44249225,calibrated_position_opportunity_rate
sleeper:player:13296,00-0041523,unique_current_name_position,WR,current_only,2,7.0,0.0,0,0.0,0.0,0.17969986,0.44249225,calibrated_position_opportunity_rate
sleeper:player:13298,00-0041547,unique_current_name_position,WR,current_only,2,14.0,1.0,0,0.0,0.0,0.24872441,0.49872277,calibrated_position_opportunity_rate
sleeper:player:13301,00-0041040,unique_current_name_position,WR,current_only,2,7.0,0.0,0,0.0,0.0,0.17969986,0.44249225,calibrated_position_opportunity_rate
sleeper:player:13303,,unmapped,QB,unmapped,0,0.0,0.0,0,0.0,0.0,1.87749087,1.72663038,calibrated_position_opportunity_rate
sleeper:player:13305,00-0040878,unique_current_name_position,RB,current_only,2,10.0,0.0,0,0.0,0.0,0.3644705,0.73752057,calibrated_position_opportunity_rate
sleeper:player:13311,00-0041525,unique_current_name_position,WR,current_only,2,1.0,0.0,0,0.0,0.0,0.12053597,0.44249225,calibrated_position_opportunity_rate
sleeper:player:13317,00-0041048,unique_current_name_position,WR,current_only,2,5.0,0.0,0,0.0,0.0,0.15997857,0.44249225,calibrated_position_opportunity_rate
sleeper:player:13320,00-0041044,unique_current_name_position,WR,current_only,2,2.0,0.0,0,0.0,0.0,0.13039662,0.44249225,calibrated_position_opportunity_rate
sleeper:player:13329,00-0040894,unique_current_name_position,WR,current_only,2,2.0,0.0,0,0.0,0.0,0.13039662,0.44249225,calibrated_position_opportunity_rate
sleeper:player:13330,00-0041032,unique_current_name_position,TE,current_only,2,6.0,0.0,0,0.0,0.0,0.14769318,0.45240602,calibrated_position_opportunity_rate
sleeper:player:13337,00-0041013,unique_current_name_position,RB,current_only,2,14.0,0.0,0,0.0,0.0,0.3954854,0.73752057,calibrated_position_opportunity_rate
sleeper:player:13345,00-0041496,unique_current_name_position,RB,current_only,2,13.0,0.0,0,0.0,0.0,0.38773168,0.73752057,calibrated_position_opportunity_rate
sleeper:player:13346,00-0041037,unique_current_name_position,WR,current_only,2,7.0,0.0,0,0.0,0.0,0.17969986,0.44249225,calibrated_position_opportunity_rate
sleeper:player:13347,00-0041104,unique_current_name_position,RB,current_only,1,1.0,0.0,0,0.0,0.0,0.35362436,0.73752057,calibrated_position_opportunity_rate
sleeper:player:13349,,unmapped,TE,unmapped,0,0.0,0.0,0,0.0,0.0,0.13361437,0.7899187,calibrated_position_opportunity_rate
sleeper:player:13405,00-0041096,unique_current_name_position,RB,current_only,2,9.0,0.0,0,0.0,0.0,0.35671678,0.73752057,calibrated_position_opportunity_rate
sleeper:player:13413,00-0040890,unique_current_name_position,WR,current_only,1,0.0,0.0,0,0.0,0.0,0.13281038,0.44249225,calibrated_position_opportunity_rate
sleeper:player:13414,00-0041052,unique_current_name_position,RB,current_only,2,22.0,0.0,0,0.0,0.0,0.45751521,0.73752057,calibrated_position_opportunity_rate
sleeper:player:13417,,unmapped,WR,unmapped,0,0.0,0.0,0,0.0,0.0,0.16601298,0.7899187,calibrated_position_opportunity_rate
sleeper:player:13424,00-0041125,unique_current_name_position,RB,current_only,2,3.0,0.0,0,0.0,0.0,0.31019442,0.73752057,calibrated_position_opportunity_rate
sleeper:player:13425,,unmapped,QB,unmapped,0,0.0,0.0,0,0.0,0.0,1.87749087,1.72663038,calibrated_position_opportunity_rate
sleeper:player:13434,00-0041524,unique_current_name_position,TE,current_only,2,1.0,0.0,0,0.0,0.0,0.09884574,0.45240602,calibrated_position_opportunity_rate
sleeper:player:1373,00-0030565,retained_gsis,QB,history_plus_current,2,80.0,0.0,68,2595.0,9.0,2.21486641,1.72663038,calibrated_position_opportunity_rate
sleeper:player:1466,00-0030506,retained_gsis,TE,history_plus_current,2,12.0,0.0,81,474.0,4.0,0.34591225,0.58814305,calibrated_position_opportunity_rate
sleeper:player:1479,00-0030279,retained_gsis,WR,history_plus_current,2,7.0,0.0,71,434.0,2.0,0.31012435,0.5568881,calibrated_position_opportunity_rate
sleeper:player:19,00-0026158,retained_gsis,QB,history_only,0,0.0,0.0,32,1201.0,13.0,2.14384928,1.72663038,calibrated_position_opportunity_rate
sleeper:player:2133,00-0031381,retained_gsis,WR,history_plus_current,2,11.0,0.0,78,474.0,0.0,0.34815676,0.5900481,calibrated_position_opportunity_rate
sleeper:player:2216,00-0031408,retained_gsis,WR,history_plus_current,2,9.0,0.0,70,335.0,0.0,0.27750683,0.52678917,calibrated_position_opportunity_rate
sleeper:player:2306,00-0031503,retained_gsis,QB,history_plus_current,1,31.0,0.0,30,810.0,4.0,1.58798361,1.72663038,calibrated_position_opportunity_rate
sleeper:player:2307,00-0032268,retained_gsis,QB,history_plus_current,1,17.0,0.0,35,820.0,7.0,1.26483792,1.72663038,calibrated_position_opportunity_rate
sleeper:player:2449,00-0031588,retained_gsis,WR,history_plus_current,2,9.0,0.0,75,455.0,1.0,0.32803092,0.57273984,calibrated_position_opportunity_rate
sleeper:player:2505,00-0031610,retained_gsis,TE,history_plus_current,2,5.0,0.0,40,160.0,0.0,0.20515925,0.45294509,calibrated_position_opportunity_rate
sleeper:player:3163,00-0033106,retained_gsis,QB,history_plus_current,2,87.0,0.0,82,3092.0,19.0,2.26420252,1.72663038,calibrated_position_opportunity_rate
sleeper:player:3198,00-0032764,retained_gsis,RB,history_plus_current,2,44.0,0.0,75,1593.0,7.0,0.99992047,0.99996024,calibrated_position_opportunity_rate
sleeper:player:3202,00-0032392,retained_gsis,TE,history_plus_current,1,2.0,0.0,78,170.0,1.0,0.12565065,0.45240602,calibrated_position_opportunity_rate
sleeper:player:3214,00-0033090,retained_gsis,TE,history_plus_current,2,6.0,0.0,78,259.0,0.0,0.18837577,0.45240602,calibrated_position_opportunity_rate
sleeper:player:3257,00-0033119,retained_gsis,QB,history_plus_current,2,75.0,0.0,47,1491.0,12.0,1.92208486,1.72663038,calibrated_position_opportunity_rate
sleeper:player:3271,00-0033110,retained_gsis,TE,history_plus_current,1,2.0,1.0,59,213.0,0.0,0.19274041,0.45240602,calibrated_position_opportunity_rate
sleeper:player:3294,00-0033077,retained_gsis,QB,history_plus_current,2,73.0,0.0,70,2821.0,12.0,2.22965085,1.72663038,calibrated_position_opportunity_rate
sleeper:player:3634,00-0032464,retained_gsis,WR,history_plus_current,2,13.0,0.0,77,193.0,1.0,0.22705105,0.47649874,calibrated_position_opportunity_rate
sleeper:player:4017,00-0033537,retained_gsis,QB,history_plus_current,2,72.0,0.0,19,720.0,5.0,2.1285354,1.72663038,calibrated_position_opportunity_rate
sleeper:player:4033,00-0033885,retained_gsis,TE,history_plus_current,2,6.0,0.0,67,275.0,3.0,0.21901151,0.46798666,calibrated_position_opportunity_rate
sleeper:player:4034,00-0033280,retained_gsis,RB,history_plus_current,2,29.0,0.0,61,1282.0,3.0,0.87667945,0.93631162,calibrated_position_opportunity_rate
sleeper:player:4035,00-0033906,retained_gsis,RB,history_plus_current,1,14.0,0.0,66,1282.0,6.0,0.85319179,0.92368381,calibrated_position_opportunity_rate
sleeper:player:4037,00-0033921,retained_gsis,WR,history_plus_current,2,9.0,0.0,62,380.0,4.0,0.33049078,0.57488328,calibrated_position_opportunity_rate
sleeper:player:4039,00-0033908,retained_gsis,WR,history_plus_current,2,4.0,0.0,66,409.0,2.0,0.28386717,0.53279186,calibrated_position_opportunity_rate
sleeper:player:4046,00-0033873,retained_gsis,QB,history_plus_current,2,87.0,0.0,80,3461.0,7.0,2.47575023,1.72663038,calibrated_position_opportunity_rate
sleeper:player:4054,00-0033217,retained_gsis,TE,history_only,0,0.0,0.0,68,81.0,1.0,0.06982311,0.45240602,calibrated_position_opportunity_rate
sleeper:player:4066,00-0033881,retained_gsis,TE,history_plus_current,2,5.0,0.0,74,334.0,4.0,0.22522631,0.47458014,calibrated_position_opportunity_rate
sleeper:player:4137,00-0033553,retained_gsis,RB,history_only,0,0.0,0.0,60,1026.0,2.0,0.79553226,0.89192615,calibrated_position_opportunity_rate
sleeper:player:4147,00-0033526,retained_gsis,RB,history_plus_current,2,11.0,0.0,80,467.0,4.0,0.26634048,0.73752057,calibrated_position_opportunity_rate
sleeper:player:4177,00-0033555,retained_gsis,WR,history_plus_current,2,6.0,0.0,75,171.0,0.0,0.14909301,0.44249225,calibrated_position_opportunity_rate
sleeper:player:4179,00-0033949,retained_gsis,QB,history_only,0,0.0,0.0,21,684.0,10.0,1.86053578,1.72663038,calibrated_position_opportunity_rate
sleeper:player:4199,00-0033293,retained_gsis,RB,history_plus_current,2,35.0,0.0,72,1133.0,9.0,0.75943436,0.87145531,calibrated_position_opportunity_rate
sleeper:player:421,00-0026498,retained_gsis,QB,history_plus_current,2,63.0,0.0,74,2804.0,10.0,2.04274449,1.72663038,calibrated_position_opportunity_rate
sleeper:player:4217,00-0033288,retained_gsis,TE,history_plus_current,2,6.0,0.0,71,336.0,2.0,0.24354921,0.49350705,calibrated_position_opportunity_rate
sleeper:player:4454,00-0033307,retained_gsis,WR,history_plus_current,2,10.0,0.0,67,212.0,2.0,0.22340993,0.47266259,calibrated_position_opportunity_rate
sleeper:player:4866,00-0034844,retained_gsis,RB,history_plus_current,2,21.0,0.0,75,1538.0,5.0,0.79884052,0.89377879,calibrated_position_opportunity_rate
sleeper:player:4881,00-0034796,retained_gsis,QB,history_plus_current,2,72.0,1.0,70,2700.0,19.0,2.15430459,1.72663038,calibrated_position_opportunity_rate
sleeper:player:4892,00-0034855,retained_gsis,QB,history_plus_current,2,78.0,3.0,77,2872.0,13.0,2.16295939,1.72663038,calibrated_position_opportunity_rate
sleeper:player:4943,00-0034869,retained_gsis,QB,history_plus_current,1,3.0,0.0,62,1937.0,17.0,1.46194732,1.72663038,calibrated_position_opportunity_rate
sleeper:player:4981,00-0034837,retained_gsis,WR,history_plus_current,1,2.0,0.0,46,205.0,1.0,0.2345977,0.48435287,calibrated_position_opportunity_rate
sleeper:player:4983,00-0034827,retained_gsis,WR,history_plus_current,2,6.0,0.0,85,451.0,3.0,0.26844167,0.51811356,calibrated_position_opportunity_rate
sleeper:player:4984,00-0034857,retained_gsis,QB,history_plus_current,2,84.0,0.0,82,3443.0,17.0,2.39864753,1.72663038,calibrated_position_opportunity_rate
sleeper:player:4993,00-0034829,retained_gsis,TE,history_plus_current,1,5.0,0.0,77,227.0,1.0,0.19686153,0.45240602,calibrated_position_opportunity_rate
sleeper:player:5001,00-0034383,retained_gsis,TE,history_plus_current,2,16.0,0.0,81,329.0,2.0,0.31503584,0.56128054,calibrated_position_opportunity_rate
sleeper:player:5008,00-0034798,retained_gsis,TE,history_plus_current,2,1.0,0.0,63,101.0,0.0,0.07241827,0.45240602,calibrated_position_opportunity_rate
sleeper:player:5012,00-0034753,retained_gsis,TE,history_plus_current,2,10.0,0.0,76,347.0,0.0,0.27611659,0.52546797,calibrated_position_opportunity_rate
sleeper:player:5022,00-0034351,retained_gsis,TE,history_plus_current,2,5.0,0.0,66,273.0,1.0,0.21048806,0.45878978,calibrated_position_opportunity_rate
sleeper:player:5045,00-0034348,retained_gsis,WR,history_plus_current,2,5.0,0.0,81,337.0,4.0,0.21340392,0.46195662,calibrated_position_opportunity_rate
sleeper:player:5127,00-0034577,retained_gsis,QB,history_only,0,0.0,0.0,13,131.0,2.0,0.5756111,1.72663038,calibrated_position_opportunity_rate
sleeper:player:5844,00-0035229,retained_gsis,TE,history_plus_current,2,7.0,0.0,69,335.0,1.0,0.25811271,0.50804794,calibrated_position_opportunity_rate
sleeper:player:5846,00-0035640,retained_gsis,WR,history_plus_current,2,8.0,0.0,80,359.0,4.0,0.25588384,0.50584962,calibrated_position_opportunity_rate
sleeper:player:5848,00-0035662,retained_gsis,WR,history_plus_current,1,2.0,0.0,59,271.0,0.0,0.2410678,0.49098655,calibrated_position_opportunity_rate
sleeper:player:5849,00-0035228,retained_gsis,QB,history_plus_current,1,7.0,0.0,55,2267.0,7.0,1.96353291,1.72663038,calibrated_position_opportunity_rate
sleeper:player:5850,00-0035700,retained_gsis,RB,history_only,0,0.0,0.0,77,1541.0,9.0,0.93105128,0.96490998,calibrated_position_opportunity_rate
sleeper:player:5854,00-0035704,retained_gsis,QB,history_plus_current,2,52.0,0.0,20,437.0,3.0,1.32712779,1.72663038,calibrated_position_opportunity_rate
sleeper:player:5857,00-0035644,retained_gsis,TE,history_plus_current,2,4.0,0.0,75,232.0,3.0,0.15995909,0.45240602,calibrated_position_opportunity_rate
sleeper:player:5859,00-0035676,retained_gsis,WR,history_plus_current,1,3.0,0.0,75,404.0,4.0,0.29045527,0.53893903,calibrated_position_opportunity_rate
sleeper:player:5870,00-0035710,retained_gsis,QB,history_plus_current,2,68.0,0.0,56,2199.0,12.0,2.14274424,1.72663038,calibrated_position_opportunity_rate
sleeper:player:5872,00-0035719,retained_gsis,WR,history_plus_current,2,11.0,0.0,75,513.0,4.0,0.37825449,0.61502398,calibrated_position_opportunity_rate
sleeper:player:5892,00-0035685,retained_gsis,RB,history_plus_current,2,31.0,0.0,74,1140.0,6.0,0.71816265,0.84744478,calibrated_position_opportunity_rate
sleeper:player:5906,00-0035689,retained_gsis,TE,history_plus_current,2,3.0,0.0,70,177.0,0.0,0.12811986,0.45240602,calibrated_position_opportunity_rate
sleeper:player:5927,00-0035659,retained_gsis,WR,history_plus_current,2,4.0,0.0,78,363.0,1.0,0.22300237,0.47223127,calibrated_position_opportunity_rate
sleeper:player:5947,00-0034960,retained_gsis,WR,history_plus_current,2,4.0,0.0,77,397.0,3.0,0.24280247,0.49274991,calibrated_position_opportunity_rate
sleeper:player:5967,00-0035261,retained_gsis,RB,history_plus_current,2,23.0,0.0,81,1284.0,6.0,0.66997934,0.81852266,calibrated_position_opportunity_rate
sleeper:player:5973,00-0035249,retained_gsis,TE,history_plus_current,2,3.0,0.0,60,82.0,1.0,0.082715,0.45240602,calibrated_position_opportunity_rate
sleeper:player:5995,00-0034975,retained_gsis,RB,history_plus_current,2,11.0,0.0,56,301.0,2.0,0.25199609,0.73752057,calibrated_position_opportunity_rate
sleeper:player:6001,00-0035631,retained_gsis,TE,history_plus_current,1,3.0,0.0,49,72.0,0.0,0.10407496,0.45240602,calibrated_position_opportunity_rate
sleeper:player:6039,00-0035537,retained_gsis,RB,history_only,0,0.0,0.0,70,307.0,1.0,0.20403375,0.73752057,calibrated_position_opportunity_rate
sleeper:player:6136,00-0035264,retained_gsis,QB,history_only,0,0.0,0.0,8,191.0,1.0,1.36378089,1.72663038,calibrated_position_opportunity_rate
sleeper:player:6271,00-0035208,retained_gsis,WR,history_plus_current,2,2.0,0.0,72,173.0,1.0,0.11449309,0.44249225,calibrated_position_opportunity_rate
sleeper:player:6768,00-0036212,retained_gsis,QB,history_only,0,0.0,0.0,68,2390.0,10.0,2.00766019,1.72663038,calibrated_position_opportunity_rate
sleeper:player:6770,00-0036442,retained_gsis,QB,history_plus_current,2,78.0,0.0,67,2785.0,11.0,2.32550733,1.72663038,calibrated_position_opportunity_rate
sleeper:player:6783,00-0036407,retained_gsis,WR,history_plus_current,2,2.0,0.0,75,306.0,1.0,0.18064709,0.44249225,calibrated_position_opportunity_rate
sleeper:player:6786,00-0036358,retained_gsis,WR,history_plus_current,2,14.0,0.0,78,545.0,3.0,0.41364158,0.64314973,calibrated_position_opportunity_rate
sleeper:player:6790,00-0036275,retained_gsis,RB,history_plus_current,2,40.0,1.0,76,1180.0,4.0,0.79169621,0.88977312,calibrated_position_opportunity_rate
sleeper:player:6794,00-0036322,retained_gsis,WR,history_plus_current,2,11.0,0.0,78,505.0,2.0,0.36383266,0.60318543,calibrated_position_opportunity_rate
sleeper:player:6797,00-0036355,retained_gsis,QB,history_plus_current,2,68.0,0.0,80,3357.0,9.0,2.24535932,1.72663038,calibrated_position_opportunity_rate
sleeper:player:6801,00-0036410,retained_gsis,WR,history_plus_current,2,8.0,0.0,67,322.0,2.0,0.26844513,0.51811691,calibrated_position_opportunity_rate
sleeper:player:6804,00-0036264,retained_gsis,QB,history_plus_current,2,79.0,1.0,57,1729.0,6.0,1.90723052,1.72663038,calibrated_position_opportunity_rate
sleeper:player:6806,00-0036158,retained_gsis,RB,history_plus_current,2,18.0,0.0,32,500.0,0.0,0.62417492,0.79004742,calibrated_position_opportunity_rate
sleeper:player:6813,00-0036223,retained_gsis,RB,history_plus_current,2,50.0,1.0,69,1470.0,7.0,1.04843857,1.02393289,calibrated_position_opportunity_rate
sleeper:player:6819,00-0036252,retained_gsis,WR,history_plus_current,1,3.0,0.0,82,453.0,2.0,0.29697389,0.5449531,calibrated_position_opportunity_rate
sleeper:player:6826,00-0036290,retained_gsis,TE,history_plus_current,2,2.0,0.0,82,266.0,0.0,0.14630404,0.45240602,calibrated_position_opportunity_rate
sleeper:player:6847,00-0036331,retained_gsis,WR,history_plus_current,2,0.0,0.0,73,114.0,0.0,0.06159529,0.44249225,calibrated_position_opportunity_rate
sleeper:player:6865,00-0036244,retained_gsis,TE,history_plus_current,2,3.0,0.0,64,128.0,1.0,0.10746437,0.45240602,calibrated_position_opportunity_rate
sleeper:player:6869,00-0036422,retained_gsis,TE,history_plus_current,1,2.0,0.0,65,100.0,1.0,0.09559068,0.45240602,calibrated_position_opportunity_rate
sleeper:player:6904,00-0036389,retained_gsis,QB,history_plus_current,2,80.0,0.0,78,3131.0,17.0,2.29023892,1.72663038,calibrated_position_opportunity_rate
sleeper:player:7002,00-0036040,retained_gsis,TE,history_plus_current,2,7.0,0.0,74,219.0,2.0,0.18403603,0.45240602,calibrated_position_opportunity_rate
sleeper:player:7021,00-0036139,retained_gsis,RB,history_plus_current,2,19.0,0.0,51,655.0,3.0,0.54564945,0.73868088,calibrated_position_opportunity_rate
sleeper:player:7049,00-0036259,retained_gsis,WR,history_plus_current,1,0.0,0.0,72,210.0,1.0,0.13804909,0.44249225,calibrated_position_opportunity_rate
sleeper:player:7083,00-0035993,retained_gsis,QB,history_only,0,0.0,0.0,27,744.0,5.0,1.57402053,1.72663038,calibrated_position_opportunity_rate
sleeper:player:7090,00-0036309,retained_gsis,WR,history_plus_current,2,4.0,0.0,73,257.0,0.0,0.17830215,0.44249225,calibrated_position_opportunity_rate
sleeper:player:7523,00-0036971,retained_gsis,QB,history_plus_current,2,59.0,0.0,77,3060.0,25.0,2.0750513,1.72663038,calibrated_position_opportunity_rate
sleeper:player:7525,00-0036912,retained_gsis,WR,history_plus_current,2,13.0,0.0,80,386.0,2.0,0.31849896,0.56435712,calibrated_position_opportunity_rate
sleeper:player:7526,00-0036613,retained_gsis,WR,history_plus_current,2,9.0,0.0,78,387.0,1.0,0.2844418,0.53333085,calibrated_position_opportunity_rate
sleeper:player:7527,00-0036972,retained_gsis,QB,history_plus_current,1,2.0,0.0,63,2154.0,10.0,1.58526353,1.72663038,calibrated_position_opportunity_rate
sleeper:player:7528,00-0036893,retained_gsis,RB,history_plus_current,1,4.0,0.0,71,1295.0,2.0,0.71605111,0.84619803,calibrated_position_opportunity_rate
sleeper:player:7543,00-0036973,retained_gsis,RB,history_plus_current,2,26.0,0.0,66,1065.0,4.0,0.70206462,0.83789297,calibrated_position_opportunity_rate
sleeper:player:7547,00-0036963,retained_gsis,WR,history_plus_current,2,19.0,0.0,82,572.0,2.0,0.46248849,0.68006506,calibrated_position_opportunity_rate
sleeper:player:7553,00-0036970,retained_gsis,TE,history_plus_current,2,1.0,0.0,78,285.0,0.0,0.15255432,0.45240602,calibrated_position_opportunity_rate
sleeper:player:7564,00-0036900,retained_gsis,WR,history_plus_current,2,9.0,0.0,78,541.0,4.0,0.36231564,0.60192661,calibrated_position_opportunity_rate
sleeper:player:7569,00-0036554,retained_gsis,WR,history_plus_current,1,8.0,0.0,66,292.0,1.0,0.30406656,0.5514223,calibrated_position_opportunity_rate
sleeper:player:7571,00-0036550,retained_gsis,WR,history_plus_current,2,7.0,0.0,62,158.0,1.0,0.16953954,0.44249225,calibrated_position_opportunity_rate
sleeper:player:7585,00-0036898,retained_gsis,QB,history_only,0,0.0,0.0,43,1249.0,4.0,1.65918649,1.72663038,calibrated_position_opportunity_rate
sleeper:player:7587,00-0036626,retained_gsis,WR,history_plus_current,2,4.0,1.0,61,91.0,2.0,0.09828319,0.44249225,calibrated_position_opportunity_rate
sleeper:player:7588,00-0036997,retained_gsis,RB,history_plus_current,2,32.0,0.0,70,1051.0,7.0,0.71378584,0.84485847,calibrated_position_opportunity_rate
sleeper:player:7591,00-0036945,retained_gsis,QB,history_only,0,0.0,0.0,59,1990.0,15.0,1.92664759,1.72663038,calibrated_position_opportunity_rate
sleeper:player:7594,00-0036555,retained_gsis,RB,history_plus_current,2,27.0,0.0,77,1040.0,5.0,0.62825318,0.79262424,calibrated_position_opportunity_rate
sleeper:player:7600,00-0036894,retained_gsis,TE,history_plus_current,2,10.0,0.0,74,261.0,2.0,0.23552388,0.48530802,calibrated_position_opportunity_rate
sleeper:player:7610,00-0037012,retained_gsis,QB,history_only,0,0.0,0.0,16,298.0,1.0,1.0638919,1.72663038,calibrated_position_opportunity_rate
sleeper:player:7611,00-0036875,retained_gsis,RB,history_plus_current,2,30.0,1.0,70,1022.0,9.0,0.68542936,0.82790661,calibrated_position_opportunity_rate
sleeper:player:7694,00-0037005,retained_gsis,TE,history_plus_current,2,4.0,0.0,70,115.0,1.0,0.10327745,0.45240602,calibrated_position_opportunity_rate
sleeper:player:7716,00-0036628,retained_gsis,TE,history_plus_current,1,2.0,0.0,59,72.0,1.0,0.08067279,0.45240602,calibrated_position_opportunity_rate
sleeper:player:7828,00-0036637,retained_gsis,TE,history_plus_current,2,1.0,0.0,70,127.0,0.0,0.08066806,0.45240602,calibrated_position_opportunity_rate
sleeper:player:7891,00-0036754,retained_gsis,TE,history_plus_current,2,1.0,0.0,50,70.0,0.0,0.06447862,0.45240602,calibrated_position_opportunity_rate
sleeper:player:8110,00-0038041,retained_gsis,TE,history_plus_current,2,6.0,0.0,59,232.0,4.0,0.21227939,0.46073787,calibrated_position_opportunity_rate
sleeper:player:8111,00-0038129,retained_gsis,TE,history_plus_current,2,8.0,0.0,62,208.0,1.0,0.20925613,0.45744523,calibrated_position_opportunity_rate
sleeper:player:8112,00-0037238,retained_gsis,WR,history_plus_current,2,8.0,0.0,62,310.0,4.0,0.27609817,0.52545044,calibrated_position_opportunity_rate
sleeper:player:8117,00-0037666,retained_gsis,WR,history_only,0,0.0,0.0,46,91.0,0.0,0.11704162,0.44249225,calibrated_position_opportunity_rate
sleeper:player:8119,00-0037741,retained_gsis,WR,history_plus_current,2,3.0,0.0,58,124.0,0.0,0.1139075,0.44249225,calibrated_position_opportunity_rate
sleeper:player:8121,00-0037816,retained_gsis,WR,history_plus_current,2,3.0,0.0,59,203.0,1.0,0.16529122,0.44249225,calibrated_position_opportunity_rate
sleeper:player:8126,00-0038117,retained_gsis,WR,history_plus_current,2,6.0,0.0,54,285.0,0.0,0.26733315,0.5170427,calibrated_position_opportunity_rate
sleeper:player:8127,00-0038046,retained_gsis,TE,history_plus_current,2,3.0,0.0,33,31.0,0.0,0.06601806,0.45240602,calibrated_position_opportunity_rate
sleeper:player:8130,00-0037744,retained_gsis,TE,history_plus_current,2,17.0,0.0,62,348.0,0.0,0.38542207,0.6208237,calibrated_position_opportunity_rate
sleeper:player:8131,00-0037838,retained_gsis,TE,history_plus_current,2,13.0,0.0,55,135.0,2.0,0.22292196,0.47214612,calibrated_position_opportunity_rate
sleeper:player:8132,00-0037263,retained_gsis,RB,history_plus_current,2,26.0,0.0,67,737.0,0.0,0.5427608,0.73752057,calibrated_position_opportunity_rate
sleeper:player:8134,00-0037261,retained_gsis,WR,history_plus_current,2,7.0,0.0,57,201.0,1.0,0.20811159,0.45619249,calibrated_position_opportunity_rate
sleeper:player:8135,00-0037742,retained_gsis,WR,history_plus_current,1,0.0,0.0,33,74.0,0.0,0.10613644,0.44249225,calibrated_position_opportunity_rate
sleeper:player:8136,00-0037256,retained_gsis,RB,history_plus_current,2,22.0,0.0,66,882.0,7.0,0.58505385,0.76488813,calibrated_position_opportunity_rate
sleeper:player:8137,00-0037247,retained_gsis,WR,history_plus_current,2,9.0,0.0,65,275.0,1.0,0.25561836,0.50558714,calibrated_position_opportunity_rate
sleeper:player:8138,00-0037248,retained_gsis,RB,history_plus_current,2,38.0,0.0,66,972.0,6.0,0.75140651,0.86683707,calibrated_position_opportunity_rate
sleeper:player:8142,00-0037664,retained_gsis,WR,history_plus_current,2,5.0,0.0,64,157.0,0.0,0.14606086,0.44249225,calibrated_position_opportunity_rate
sleeper:player:8144,00-0037239,retained_gsis,WR,history_plus_current,2,18.0,0.0,55,293.0,3.0,0.38761315,0.62258585,calibrated_position_opportunity_rate
sleeper:player:8146,00-0037740,retained_gsis,WR,history_plus_current,2,11.0,0.0,58,325.0,5.0,0.32948168,0.57400495,calibrated_position_opportunity_rate
sleeper:player:8148,00-0037240,retained_gsis,WR,history_plus_current,2,6.0,0.0,50,169.0,0.0,0.19247987,0.44249225,calibrated_position_opportunity_rate
sleeper:player:8150,00-0037840,retained_gsis,RB,history_plus_current,2,28.0,1.0,53,949.0,7.0,0.77244664,0.87888944,calibrated_position_opportunity_rate
sleeper:player:8151,00-0038134,retained_gsis,RB,history_plus_current,2,56.0,0.0,58,954.0,0.0,0.94435032,0.97177689,calibrated_position_opportunity_rate
sleeper:player:8154,00-0037746,retained_gsis,RB,history_plus_current,2,22.0,0.0,58,735.0,4.0,0.56361565,0.7507434,calibrated_position_opportunity_rate
sleeper:player:8155,00-0038120,retained_gsis,RB,history_plus_current,2,45.0,0.0,56,943.0,5.0,0.87118647,0.9333737,calibrated_position_opportunity_rate
sleeper:player:8160,00-0038102,retained_gsis,QB,history_plus_current,2,3.0,0.0,36,973.0,2.0,1.05780949,1.72663038,calibrated_position_opportunity_rate
sleeper:player:8161,00-0038128,retained_gsis,QB,history_plus_current,2,67.0,0.0,19,254.0,5.0,1.14694386,1.72663038,calibrated_position_opportunity_rate
sleeper:player:8167,00-0038124,retained_gsis,WR,history_plus_current,2,10.0,0.0,47,149.0,1.0,0.22364791,0.47291427,calibrated_position_opportunity_rate
sleeper:player:8172,00-0037252,retained_gsis,TE,history_plus_current,2,4.0,0.0,25,68.0,1.0,0.14536998,0.45240602,calibrated_position_opportunity_rate
sleeper:player:8180,00-0037291,retained_gsis,WR,history_plus_current,2,4.0,0.0,43,74.0,0.0,0.10732055,0.44249225,calibrated_position_opportunity_rate
sleeper:player:8183,00-0037834,retained_gsis,QB,history_plus_current,2,64.0,0.0,49,1594.0,7.0,1.84810112,1.72663038,calibrated_position_opportunity_rate
sleeper:player:8188,00-0038104,retained_gsis,WR,history_plus_current,2,4.0,0.0,37,64.0,0.0,0.10766763,0.44249225,calibrated_position_opportunity_rate
sleeper:player:8205,00-0037197,retained_gsis,RB,history_only,0,0.0,0.0,51,664.0,3.0,0.60570281,0.77826911,calibrated_position_opportunity_rate
sleeper:player:8225,00-0038115,retained_gsis,TE,history_plus_current,2,1.0,0.0,50,89.0,1.0,0.07932824,0.45240602,calibrated_position_opportunity_rate
sleeper:player:8228,00-0037228,retained_gsis,RB,history_plus_current,2,28.0,1.0,64,724.0,3.0,0.56796041,0.75363148,calibrated_position_opportunity_rate
sleeper:player:827,00-0028118,retained_gsis,QB,history_only,0,0.0,0.0,26,633.0,2.0,1.390694,1.72663038,calibrated_position_opportunity_rate
sleeper:player:8408,00-0037525,retained_gsis,RB,history_plus_current,1,15.0,0.0,56,423.0,2.0,0.42069501,0.73752057,calibrated_position_opportunity_rate
sleeper:player:8676,00-0037545,retained_gsis,WR,history_plus_current,2,5.0,0.0,51,179.0,1.0,0.18773902,0.44249225,calibrated_position_opportunity_rate
sleeper:player:8698,00-0037112,retained_gsis,TE,history_only,0,0.0,0.0,13,34.0,0.0,0.15330581,0.45240602,calibrated_position_opportunity_rate
sleeper:player:8800,00-0037563,retained_gsis,RB,history_only,0,0.0,0.0,17,98.0,0.0,0.26818769,0.73752057,calibrated_position_opportunity_rate
sleeper:player:8917,00-0037801,retained_gsis,WR,history_plus_current,2,2.0,0.0,65,117.0,2.0,0.09071797,0.44249225,calibrated_position_opportunity_rate
sleeper:player:9221,00-0039139,retained_gsis,RB,history_plus_current,2,56.0,1.0,49,856.0,3.0,0.97602001,0.98793725,calibrated_position_opportunity_rate
sleeper:player:9224,00-0038597,retained_gsis,RB,history_plus_current,2,44.0,0.0,45,642.0,1.0,0.78364322,0.88523625,calibrated_position_opportunity_rate
sleeper:player:9225,00-0038555,retained_gsis,RB,history_plus_current,2,16.0,0.0,44,292.0,2.0,0.32988579,0.73752057,calibrated_position_opportunity_rate
sleeper:player:9226,00-0039040,retained_gsis,RB,history_plus_current,2,38.0,0.0,44,716.0,1.0,0.79933864,0.8940574,calibrated_position_opportunity_rate
sleeper:player:9228,00-0039150,retained_gsis,QB,history_plus_current,2,80.0,0.0,46,1643.0,12.0,2.12178188,1.72663038,calibrated_position_opportunity_rate
sleeper:player:9230,00-0038400,retained_gsis,QB,history_only,0,0.0,0.0,6,106.0,0.0,1.00915026,1.72663038,calibrated_position_opportunity_rate
sleeper:player:9479,00-0038558,retained_gsis,TE,history_plus_current,2,3.0,0.0,34,57.0,1.0,0.0948215,0.45240602,calibrated_position_opportunity_rate
sleeper:player:9480,00-0038935,retained_gsis,TE,history_plus_current,2,4.0,0.0,33,91.0,1.0,0.14683837,0.45240602,calibrated_position_opportunity_rate
sleeper:player:9481,00-0039144,retained_gsis,TE,history_only,0,0.0,0.0,31,65.0,0.0,0.12290646,0.45240602,calibrated_position_opportunity_rate
sleeper:player:9482,00-0039066,retained_gsis,TE,history_plus_current,2,9.0,0.0,37,83.0,0.0,0.17558675,0.45240602,calibrated_position_opportunity_rate
sleeper:player:9484,00-0038996,retained_gsis,TE,history_plus_current,2,5.0,0.0,39,117.0,1.0,0.1660813,0.45240602,calibrated_position_opportunity_rate
sleeper:player:9486,00-0038393,retained_gsis,WR,history_plus_current,2,7.0,0.0,45,110.0,1.0,0.16543978,0.44249225,calibrated_position_opportunity_rate
sleeper:player:9487,00-0038606,retained_gsis,WR,history_plus_current,2,12.0,0.0,38,113.0,1.0,0.23561761,0.48540459,calibrated_position_opportunity_rate
sleeper:player:9488,00-0038543,retained_gsis,WR,history_plus_current,2,17.0,0.0,51,294.0,1.0,0.395006,0.62849502,calibrated_position_opportunity_rate
sleeper:player:9493,00-0039075,retained_gsis,WR,history_plus_current,1,5.0,0.0,44,346.0,1.0,0.43135857,0.65677894,calibrated_position_opportunity_rate
sleeper:player:9500,00-0038997,retained_gsis,WR,history_plus_current,2,9.0,0.0,47,201.0,0.0,0.25742588,0.50737154,calibrated_position_opportunity_rate
sleeper:player:9501,00-0038621,retained_gsis,WR,history_plus_current,2,6.0,0.0,46,164.0,1.0,0.19978532,0.44697351,calibrated_position_opportunity_rate
sleeper:player:9502,00-0038977,retained_gsis,WR,history_only,0,0.0,0.0,24,118.0,0.0,0.29088914,0.5393414,calibrated_position_opportunity_rate
sleeper:player:9504,00-0038608,retained_gsis,WR,history_plus_current,2,4.0,0.0,32,78.0,0.0,0.13558392,0.44249225,calibrated_position_opportunity_rate
sleeper:player:9506,00-0038951,retained_gsis,RB,history_only,0,0.0,0.0,37,170.0,0.0,0.21375136,0.73752057,calibrated_position_opportunity_rate
sleeper:player:9508,00-0039032,retained_gsis,RB,history_plus_current,2,14.0,0.0,42,383.0,0.0,0.39137854,0.73752057,calibrated_position_opportunity_rate
sleeper:player:9509,00-0038542,retained_gsis,RB,history_plus_current,2,48.0,0.0,51,1003.0,6.0,0.9821386,0.99102906,calibrated_position_opportunity_rate
sleeper:player:9511,00-0038454,retained_gsis,RB,history_plus_current,2,10.0,0.0,24,140.0,0.0,0.25845753,0.73752057,calibrated_position_opportunity_rate
sleeper:player:96,00-0023459,retained_gsis,QB,history_plus_current,2,89.0,1.0,67,2398.0,7.0,2.21026925,1.72663038,calibrated_position_opportunity_rate
sleeper:player:9753,00-0039165,retained_gsis,RB,history_only,0,0.0,0.0,49,522.0,0.0,0.49560549,0.73752057,calibrated_position_opportunity_rate
sleeper:player:9754,00-0038544,retained_gsis,WR,history_plus_current,2,4.0,0.0,45,152.0,1.0,0.17267092,0.44249225,calibrated_position_opportunity_rate
sleeper:player:9756,00-0038994,retained_gsis,WR,history_plus_current,2,2.0,0.0,46,181.0,0.0,0.17491934,0.44249225,calibrated_position_opportunity_rate
sleeper:player:9757,00-0038551,retained_gsis,RB,history_plus_current,1,9.0,0.0,20,147.0,0.0,0.35729168,0.73752057,calibrated_position_opportunity_rate
sleeper:player:9758,00-0039163,retained_gsis,QB,history_plus_current,2,105.0,2.0,46,1706.0,8.0,2.41194362,1.72663038,calibrated_position_opportunity_rate
sleeper:player:9997,00-0039064,retained_gsis,WR,history_plus_current,1,5.0,0.0,50,264.0,3.0,0.30907218,0.55594261,calibrated_position_opportunity_rate
