index,omit_player,upper_slope,lower_slope,lower_minus_upper,change_vs_full
0,00-0035726,0.1385716642978189,-0.3895117626084317,-0.5280834269062507,0.1261990107690123
1,00-0031595,0.1385716642978189,-0.4300919528553346,-0.5686636171531536,0.0856188205221093
2,00-0031900,0.1426686690493663,-0.446597956420135,-0.5892666254695014,0.0650158122057615
3,00-0036984,0.1409335564759513,-0.5615161626592929,-0.7024497191352442,-0.0481672814599812
4,00-0036297,0.1341482673966049,-0.5633585725491382,-0.6975068399457431,-0.0432244022704801
5,00-0032780,0.1407512139890608,-0.4753912426763667,-0.6161424566654277,0.0381399810098352
6,00-0031085,0.1385716642978189,-0.5492345495848475,-0.6878062138826664,-0.0335237762074034
7,00-0032577,0.1385716642978189,-0.5474904387573865,-0.6860621030552054,-0.0317796653799424
8,00-0032897,0.1343100978452442,-0.4886907657565349,-0.6230008636017792,0.0312815740734837
9,00-0030112,0.1333703912918191,-0.4911626373976604,-0.6245330286894796,0.0297494089857833
10,00-0030968,0.1273015705055839,-0.5001444264231881,-0.6274459969287721,0.0268364407464908
11,00-0034845,0.1407626307878964,-0.54031486174837,-0.6810774925362664,-0.0267950548610034
12,00-0035628,0.1393057574100568,-0.4886004566259667,-0.6279062140360236,0.0263762236392393
13,00-0034164,0.1385716642978189,-0.5387783295471683,-0.6773499938449872,-0.0230675561697242
14,00-0031332,0.1385716642978189,-0.5376515482540195,-0.6762232125518384,-0.0219407748765754
15,00-0035184,0.1385716642978189,-0.5365928305043153,-0.6751644948021343,-0.0208820571268713
16,00-0031687,0.1588203475736617,-0.516025390002952,-0.6748457375766138,-0.0205632999013508
17,00-0034414,0.1380261209342548,-0.536301889265955,-0.6743280102002098,-0.0200455725249468
18,00-0034171,0.1333820155573495,-0.5394433707088268,-0.6728253862661763,-0.0185429485909133
19,00-0036360,0.1420867714181306,-0.4939937195939478,-0.6360804910120784,0.0182019466631845
20,00-0033856,0.1378311175884827,-0.5344918039374423,-0.672322921525925,-0.018040483850662
21,00-0031055,0.1385716642978189,-0.4984861873964863,-0.6370578516943053,0.0172245859809576
22,00-0034816,0.1384384367303696,-0.5330341968413722,-0.6714726335717418,-0.0171901958964788
23,00-0032104,0.1354096112965506,-0.5019369597516347,-0.6373465710481853,0.0169358666270776
24,00-0031301,0.1385716642978189,-0.4989081882963879,-0.6374798525942068,0.0168025850810561
25,00-0036370,0.1384280022610872,-0.5322184684367921,-0.6706464706978794,-0.0163640330226164
26,00-0033296,0.1385716642978189,-0.5002500438594811,-0.6388217081573,0.0154607295179629
27,00-0035311,0.1385716642978189,-0.5005957573774702,-0.6391674216752892,0.0151150159999737
28,00-0033025,0.1400103122677856,-0.5291343085077913,-0.6691446207755769,-0.0148621831003139
29,00-0029854,0.1420853956839647,-0.5265419709986188,-0.6686273666825835,-0.0143449290073205
30,00-0031590,0.1397377341846936,-0.5004054626339703,-0.640143196818664,0.0141392408565989
31,00-0032404,0.1385716642978189,-0.5017105166222338,-0.6402821809200527,0.0140002567552102
32,00-0035304,0.1385716642978189,-0.5289559543671949,-0.6675276186650139,-0.0132451809897509
33,00-0037557,0.1385716642978189,-0.5286997463644814,-0.6672714106623003,-0.0129889729870373
34,00-0033925,0.1450152940516241,-0.5221599710929009,-0.6671752651445251,-0.0128928274692621
35,00-0034808,0.1385716642978189,-0.5285693478143366,-0.6671410121121555,-0.0128585744368925
36,00-0030288,0.1513091724017209,-0.515710773377444,-0.6670199457791649,-0.0127375081039019
37,00-0028581,0.1385716642978189,-0.5030701973390145,-0.6416418616368333,0.0126405760384296
38,00-0032972,0.1400967048785508,-0.5268228316349799,-0.6669195365135308,-0.0126370988382678
39,00-0034208,0.1382818564294588,-0.5035833104346064,-0.6418651668640651,0.0124172708111978
40,00-0035924,0.1385716642978189,-0.5274845004878559,-0.6660561647856749,-0.0117737271104119
41,00-0033376,0.1385716642978189,-0.5040503498373246,-0.6426220141351435,0.0116604235401194
42,00-0034838,0.136548657356967,-0.5292093874287914,-0.6657580447857585,-0.0114756071104955
43,00-0032764,0.1271391068987614,-0.515710773377444,-0.6428498802762054,0.0114325573990575
44,00-0036425,0.1381426354388941,-0.5048285760416455,-0.6429712114805397,0.0113112261947232
45,00-0033854,0.1498735413826042,-0.515710773377444,-0.6655843147600482,-0.0113018770847852
46,00-0036139,0.1492248848145856,-0.515710773377444,-0.6649356581920296,-0.0106532205167666
47,00-0029931,0.1366514845830005,-0.5282533825680404,-0.6649048671510409,-0.0106224294757779
48,00-0033526,0.1490466376431839,-0.515710773377444,-0.6647574110206279,-0.0104749733453649
49,00-0033725,0.1284657559755975,-0.515710773377444,-0.6441765293530415,0.0101059083222214
50,00-0037276,0.1385716642978189,-0.5256249631360691,-0.664196627433888,-0.009914189758625
51,00-0037267,0.1286583590580441,-0.515710773377444,-0.6443691324354881,0.0099133052397748
52,00-0029384,0.1385716642978189,-0.5255228949984683,-0.6640945592962872,-0.0098121216210242
53,00-0033951,0.1390416811031167,-0.5054545185686111,-0.6444961996717279,0.009786238003535
54,00-0032063,0.1432112434782916,-0.520613964894686,-0.6638252083729776,-0.0095427706977146
55,00-0033955,0.1352731005524835,-0.5098757742544066,-0.6451488748068901,0.0091335628683728
56,00-0036187,0.1385716642978189,-0.5246546219686443,-0.6632262862664633,-0.0089438485912003
57,00-0036265,0.1398346913492879,-0.5233438337584078,-0.6631785251076957,-0.0088960874324327
58,00-0037594,0.1299709576077986,-0.515710773377444,-0.6456817309852426,0.0086007066900203
59,00-0033699,0.1300188211108531,-0.515710773377444,-0.6457295944882971,0.0085528431869658
60,00-0034750,0.1386851815588991,-0.5240919137615189,-0.662777095320418,-0.008494657645155
61,00-0030668,0.1333332744774947,-0.5293815402380614,-0.6627148147155562,-0.0084323770402932
62,00-0032782,0.1381270955032276,-0.5244323340139697,-0.6625594295171974,-0.0082769918419344
63,00-0035291,0.1385716642978189,-0.5239547429508706,-0.6625264072486896,-0.0082439695734266
64,00-0032956,0.1385716642978189,-0.5077739411463887,-0.6463456054442076,0.0079368322310553
65,00-0032450,0.1385716642978189,-0.5080608348987956,-0.6466324991966146,0.0076499384786483
66,00-0031102,0.1311079092357432,-0.515710773377444,-0.6468186826131872,0.0074637550620757
67,00-0036893,0.139751232792582,-0.5219657094100206,-0.6617169422026026,-0.0074345045273396
68,00-0032940,0.1383880442746978,-0.5232519456737607,-0.6616399899484584,-0.0073575522731954
69,00-0028121,0.1385716642978189,-0.508548892193066,-0.6471205564908848,0.0071618811843781
70,00-0035700,0.1316086156579578,-0.515710773377444,-0.6473193890354019,0.006963048639861
71,00-0036336,0.1385716642978189,-0.5225340621370695,-0.6611057264348885,-0.0068232887596255
72,00-0035657,0.1453698866401385,-0.515710773377444,-0.6610806600175825,-0.0067982223423195
73,00-0031665,0.1356820983942673,-0.5253481445753452,-0.6610302429696125,-0.0067478052943495
74,00-0035243,0.1451170872700239,-0.515710773377444,-0.6608278606474679,-0.0065454229722049
75,00-0030860,0.1450646495705282,-0.515710773377444,-0.6607754229479722,-0.0064929852727092
76,00-0038040,0.1385716642978189,-0.5221981214690344,-0.6607697857668533,-0.0064873480915903
77,00-0034331,0.1385716642978189,-0.5092803915733618,-0.6478520558711807,0.0064303818040822
78,00-0031569,0.1385716642978189,-0.5218857851100772,-0.6604574494078961,-0.0061750117326331
79,00-0034400,0.1385716642978189,-0.5216268458933029,-0.6601985101911219,-0.0059160725158589
80,00-0029068,0.1301870944837523,-0.5182295587450526,-0.6484166532288049,0.005865784446458
81,00-0035273,0.1385716642978189,-0.5099308185705563,-0.6485024828683752,0.0057799548068877
82,00-0032426,0.1443083119169568,-0.515710773377444,-0.6600190852944008,-0.0057366476191378
83,00-0032918,0.1328807967496106,-0.515710773377444,-0.6485915701270546,0.0056908675482083
84,00-0033594,0.1441212444230646,-0.515710773377444,-0.6598320178005086,-0.0055495801252456
85,00-0033280,0.1330667648209243,-0.515710773377444,-0.6487775381983683,0.0055048994768946
86,00-0036450,0.1385716642978189,-0.5104167912703541,-0.6489884555681731,0.0052939821070898
87,00-0032058,0.1398048617483218,-0.5196863541939597,-0.6594912159422816,-0.0052087782670185
88,00-0030656,0.1437555062730403,-0.515710773377444,-0.6594662796504843,-0.0051838419752213
89,00-0030485,0.1437307198725492,-0.515710773377444,-0.6594414932499932,-0.0051590555747302
90,00-0033567,0.1409955747201897,-0.5183719429527747,-0.6593675176729644,-0.0050850799977014
91,00-0031062,0.1436248624605928,-0.515710773377444,-0.6593356358380368,-0.0050531981627738
92,00-0029613,0.133529251064951,-0.515710773377444,-0.649240024442395,0.0050424132328679
93,00-0035860,0.1363170272920059,-0.5129375787136968,-0.6492546060057028,0.0050278316695601
94,00-0036414,0.1455355341810391,-0.5136854674978497,-0.6592210016788889,-0.0049385640036259
95,00-0035567,0.1434255795909585,-0.5157945654171872,-0.6592201450081456,-0.0049377073328826
96,00-0033293,0.1338097238786431,-0.515710773377444,-0.6495204972560871,0.0047619404191758
97,00-0031285,0.1416455072197653,-0.5079235148836967,-0.649569022103462,0.0047134155718009
98,00-0029615,0.143250636356686,-0.515710773377444,-0.65896140973413,-0.004678972058867
99,00-0034844,0.1338955409911431,-0.515710773377444,-0.6496063143685872,0.0046761233066757
100,00-0035125,0.1345558658840054,-0.5151569590305082,-0.6497128249145137,0.0045696127607492
101,00-0034378,0.1385716642978189,-0.511204725173424,-0.6497763894712429,0.00450604820402
102,00-0033045,0.1340980858482655,-0.515710773377444,-0.6498088592257095,0.0044735784495534
103,00-0029892,0.1430009143332203,-0.515710773377444,-0.6587116877106644,-0.0044292500354014
104,00-0033553,0.1342195153099998,-0.515710773377444,-0.6499302886874438,0.0043521489878191
105,00-0032602,0.1428165762628328,-0.515710773377444,-0.6585273496402768,-0.0042449119650138
106,00-0034115,0.1363174208879793,-0.5221811266996758,-0.6584985475876551,-0.0042161099123921
107,00-0036755,0.1343958103928505,-0.515710773377444,-0.6501065837702945,0.0041758539049684
108,00-0030414,0.1388134400872739,-0.5196078676951185,-0.6584213077823924,-0.0041388701071294
109,00-0036842,0.1385716642978189,-0.5116267801219316,-0.6501984444197506,0.0040839932555123
110,00-0032209,0.1426449951508367,-0.515710773377444,-0.6583557685282807,-0.0040733308530177
111,00-0033556,0.1385716642978189,-0.5197037092166585,-0.6582753735144775,-0.0039929358392145
112,00-0028009,0.1425266590829458,-0.515710773377444,-0.6582374324603898,-0.0039549947851268
113,00-0033923,0.1347083422857918,-0.515710773377444,-0.6504191156632357,0.0038633220120272
114,00-0034449,0.1385716642978189,-0.5195646989888161,-0.658136363286635,-0.0038539256113721
115,00-0033897,0.1347910114624575,-0.515710773377444,-0.6505017848399015,0.0037806528353614
116,00-0037085,0.1349766986110545,-0.515710773377444,-0.6506874719884985,0.0035949656867644
117,00-0037840,0.1421243989289142,-0.515710773377444,-0.6578351723063582,-0.0035527346310952
118,00-0031959,0.1420897957512734,-0.515710773377444,-0.6578005691287174,-0.0035181314534544
119,00-0034440,0.1420873398953664,-0.515710773377444,-0.6577981132728103,-0.0035156755975473
120,00-0034791,0.1420653199126844,-0.515710773377444,-0.6577760932901284,-0.0034936556148654
121,00-0033164,0.1385716642978189,-0.5191481840488616,-0.6577198483466806,-0.0034374106714176
122,00-0029205,0.1377377640279735,-0.5199657508567697,-0.6577035148847432,-0.0034210772094802
123,00-0033906,0.1352761410419972,-0.515710773377444,-0.6509869144194412,0.0032955232558217
124,00-0032393,0.1378788035621379,-0.5196283252319529,-0.6575071287940909,-0.0032246911188279
125,00-0030287,0.1417552115598094,-0.515710773377444,-0.6574659849372534,-0.0031835472619904
126,00-0036096,0.1385716642978189,-0.5125345221881844,-0.6511061864860033,0.0031762511892596
127,00-0036158,0.1378853648823932,-0.519520307864097,-0.6574056727464902,-0.0031232350712272
128,00-0029273,0.1384466734052992,-0.5127853097833134,-0.6512319831886126,0.0030504544866503
129,00-0031390,0.1415820958544373,-0.515710773377444,-0.6572928692318813,-0.0030104315566183
130,00-0032144,0.1415662142605088,-0.515710773377444,-0.6572769876379528,-0.0029945499626898
131,00-0037563,0.1356219768415029,-0.515710773377444,-0.6513327502189469,0.002949687456316
132,00-0031577,0.1392891831849356,-0.5178414309784521,-0.6571306141633877,-0.0028481764881247
133,00-0033893,0.1413184028168083,-0.515710773377444,-0.6570291761942523,-0.0027467385189893
134,00-0037263,0.135849343602995,-0.515710773377444,-0.651560116980439,0.0027223206948239
135,00-0032241,0.1359710556295596,-0.515710773377444,-0.6516818290070037,0.0026006086682592
136,00-0035973,0.1410854732887725,-0.515710773377444,-0.6567962466662165,-0.0025138089909535
137,00-0032975,0.1361599521113052,-0.515710773377444,-0.6518707254887492,0.0024117121865137
138,00-0036924,0.1409260457864726,-0.515710773377444,-0.6566368191639167,-0.0023543814886537
139,00-0030741,0.1294381012287188,-0.5271706077740557,-0.6566087090027746,-0.0023262713275116
140,00-0036875,0.1408858026809843,-0.515710773377444,-0.6565965760584282,-0.0023141383831652
141,00-0031045,0.1408508730499069,-0.515710773377444,-0.6565616464273509,-0.0022792087520879
142,00-0034799,0.1385716642978189,-0.5134736831597239,-0.6520453474575427,0.0022370902177202
143,00-0027966,0.1363743827440006,-0.515710773377444,-0.6520851561214447,0.0021972815538182
144,00-0030456,0.1363990272420628,-0.515710773377444,-0.6521098006195069,0.002172637055756
145,00-0031075,0.1407276001973948,-0.515710773377444,-0.6564383735748388,-0.0021559358995758
146,00-0028011,0.1364227018806601,-0.515710773377444,-0.6521334752581041,0.0021489624171588
147,00-0031599,0.1385716642978189,-0.5178345980806591,-0.6564062623784781,-0.0021238247032151
148,00-0034253,0.1364484003845102,-0.515710773377444,-0.6521591737619542,0.0021232639133087
149,00-0032794,0.1385716642978189,-0.5135966093597609,-0.6521682736575798,0.0021141640176831
150,00-0036223,0.1364689797602336,-0.515710773377444,-0.6521797531376776,0.0021026845375853
151,00-0037258,0.1385716642978189,-0.5178016114440492,-0.6563732757418681,-0.0020908380666051
152,00-0033308,0.1364885567235835,-0.515710773377444,-0.6521993301010276,0.0020831075742353
153,00-0029795,0.13994640383091,-0.5122867320506587,-0.6522331358815687,0.0020493017936942
154,00-0035806,0.1365653633628398,-0.515710773377444,-0.6522761367402838,0.0020063009349791
155,00-0029731,0.1385716642978189,-0.5176962902230953,-0.6562679545209142,-0.0019855168456512
156,00-0034681,0.140529787829516,-0.515710773377444,-0.65624056120696,-0.0019581235316969
157,00-0030107,0.1405201443217374,-0.515710773377444,-0.6562309176991814,-0.0019484800239184
158,00-0036973,0.1366439619207159,-0.515710773377444,-0.6523547352981599,0.001927702377103
159,00-0030433,0.1385716642978189,-0.517627920087647,-0.656199584385466,-0.001917146710203
160,00-0030578,0.140464256241759,-0.515710773377444,-0.656175029619203,-0.00189259194394
161,00-0035685,0.1404459564938509,-0.515710773377444,-0.6561567298712949,-0.0018742921960319
162,00-0031277,0.1385716642978189,-0.5175457464537843,-0.6561174107516032,-0.0018349730763402
163,00-0036906,0.1385682492768703,-0.5139052276279005,-0.6524734769047708,0.0018089607704921
164,00-0029141,0.1403799720928121,-0.515710773377444,-0.6560907454702561,-0.0018083077949931
165,00-0034972,0.1368174466412489,-0.515710773377444,-0.6525282200186928,0.0017542176565701
166,00-0034109,0.1352320340856157,-0.5207901168521507,-0.6560221509377664,-0.0017397132625034
167,00-0031209,0.1385716642978189,-0.5174303081153877,-0.6560019724132067,-0.0017195347379437
168,00-0035664,0.1369107062999777,-0.515710773377444,-0.6526214796774217,0.0016609579978412
169,00-0036555,0.1369261961415787,-0.515710773377444,-0.6526369695190227,0.0016454681562402
170,00-0030496,0.1369641893846606,-0.515710773377444,-0.6526749627621046,0.0016074749131583
171,00-0037248,0.1370229007132336,-0.515710773377444,-0.6527336740906775,0.0015487635845854
172,00-0037525,0.1370380765846318,-0.515710773377444,-0.6527488499620758,0.0015335877131871
173,00-0034614,0.1400964193355993,-0.515710773377444,-0.6558071927130433,-0.0015247550377803
174,00-0037256,0.1370811696971193,-0.515710773377444,-0.6527919430745632,0.0014904946006997
175,00-0031376,0.1370929791385763,-0.515710773377444,-0.6528037525160203,0.0014786851592426
176,00-0037746,0.1400481912429425,-0.515710773377444,-0.6557589646203865,-0.0014765269451235
177,00-0030404,0.1371226421874107,-0.515710773377444,-0.6528334155648546,0.0014490221104083
178,00-0035261,0.1400075938344614,-0.515710773377444,-0.6557183672119055,-0.0014359295366425
179,00-0031731,0.1385716642978189,-0.5143078672303318,-0.6528795315281508,0.0014029061471121
180,00-0028064,0.1371781079365698,-0.515710773377444,-0.6528888813140138,0.0013935563612491
181,00-0035099,0.1385716642978189,-0.514321162658137,-0.652892826955956,0.0013896107193069
182,00-0034578,0.1385716642978189,-0.5143318704918824,-0.6529035347897014,0.0013789028855615
183,00-0028074,0.1385716642978189,-0.5170780735687752,-0.6556497378665942,-0.0013673001913312
184,00-0036919,0.1399210797517774,-0.515710773377444,-0.6556318531292215,-0.0013494154539585
185,00-0030874,0.1398932900132834,-0.515710773377444,-0.6556040633907274,-0.0013216257154644
186,00-0032813,0.1411303008712033,-0.5144330435769346,-0.6555633444481379,-0.0012809067728749
187,00-0037617,0.1385716642978189,-0.5169705664909524,-0.6555422307887713,-0.0012597931135083
188,00-0027994,0.1373223184118223,-0.515710773377444,-0.6530330917892663,0.0012493458859966
189,00-0038134,0.1396499435382619,-0.515710773377444,-0.6553607169157059,-0.0010782792404429
190,00-0035250,0.1395894157476346,-0.515710773377444,-0.6553001891250786,-0.0010177514498156
191,00-0033950,0.1392272222782776,-0.516023710435379,-0.6552509327136566,-0.0009684950383936
192,00-0032377,0.1385716642978189,-0.5165730631923474,-0.6551447274901663,-0.0008622898149033
193,00-0036727,0.1295230350598886,-0.5239076448172135,-0.6534306798771021,0.0008517577981608
194,00-0031806,0.1394101779763916,-0.515710773377444,-0.6551209513538356,-0.0008385136785726
195,00-0030117,0.1377490103268664,-0.515710773377444,-0.6534597837043105,0.0008226539709524
196,00-0028083,0.1393639199726108,-0.515710773377444,-0.6550746933500549,-0.0007922556747919
197,00-0036251,0.1393506869408629,-0.515710773377444,-0.6550614603183069,-0.0007790226430439
198,00-0034975,0.1392440543001585,-0.515710773377444,-0.6549548276776025,-0.0006723900023395
199,00-0037304,0.139211522741551,-0.515710773377444,-0.654922296118995,-0.000639858443732
200,00-0031375,0.1391865248105377,-0.515710773377444,-0.6548972981879817,-0.0006148605127187
201,00-0033948,0.1379587402007571,-0.515710773377444,-0.6536695135782011,0.0006129240970618
202,00-0030432,0.1385716642978189,-0.5151025863636571,-0.6536742506614761,0.0006081870137868
203,00-0037197,0.1391678334166424,-0.515710773377444,-0.6548786067940864,-0.0005961691188234
204,00-0036950,0.1385716642978189,-0.5151381541872111,-0.6537098184850301,0.0005726191902328
205,00-0034367,0.1391330589088841,-0.515710773377444,-0.6548438322863281,-0.0005613946110651
206,00-0029239,0.1391496285912738,-0.5145838146212309,-0.6537334432125048,0.0005489944627581
207,00-0032417,0.1385716642978189,-0.5162389866294772,-0.6548106509272962,-0.0005282132520332
208,00-0032741,0.1380511578223977,-0.515710773377444,-0.6537619311998417,0.0005205064754212
209,00-0034301,0.1380741659721899,-0.515710773377444,-0.6537849393496339,0.000497498325629
210,00-0035537,0.139031353980965,-0.515710773377444,-0.6547421273584091,-0.0004596896831461
211,00-0036997,0.1381327404359,-0.515710773377444,-0.653843513813344,0.0004389238619189
212,00-0032257,0.1389321601895568,-0.515710773377444,-0.6546429335670009,-0.0003604958917379
213,00-0036670,0.1385716642978189,-0.5160611465413248,-0.6546328108391437,-0.0003503731638807
214,00-0036275,0.1389182779931913,-0.515710773377444,-0.6546290513706353,-0.0003466136953723
215,00-0036269,0.1385716642978189,-0.5160458308056521,-0.6546174951034711,-0.0003350574282081
216,00-0029004,0.1385716642978189,-0.5160073066605473,-0.6545789709583663,-0.0002965332831033
217,00-0036328,0.1388591735535835,-0.515710773377444,-0.6545699469310275,-0.0002875092557645
218,00-0032187,0.1388525631692855,-0.515710773377444,-0.6545633365467295,-0.0002808988714665
219,00-0030465,0.1374278893080557,-0.5166114724491468,-0.6540393617572026,0.0002430759180603
220,00-0036020,0.13834334796733,-0.515710773377444,-0.654054121344774,0.0002283163304889
221,00-0035217,0.138401712149844,-0.515710773377444,-0.6541124855272881,0.0001699521479748
222,00-0030513,0.138417225293337,-0.515710773377444,-0.654127998670781,0.0001544390044819
223,00-0034959,0.1388172645742367,-0.5156170336076785,-0.6544342981819152,-0.0001518605066522
224,00-0034184,0.1386945152551562,-0.515710773377444,-0.6544052886326002,-0.0001228509573372
225,00-0033118,0.1384694193680574,-0.515710773377444,-0.6541801927455014,0.0001022449297615
226,00-0037228,0.1384817421004247,-0.515710773377444,-0.6541925154778687,8.992219739423213e-05
227,00-0038120,0.1384838564234804,-0.515710773377444,-0.6541946298009245,8.78078743384858e-05
228,00-0029492,0.1360481632340301,-0.5183108583865766,-0.6543590216206068,-7.658394534382218e-05
229,00-0037157,0.1385887914113395,-0.515710773377444,-0.6542995647887835,-1.7127113520531978e-05
230,00-0035594,0.14061770612795,-0.5136759678346352,-0.6542936739625853,-1.1236287322358152e-05